CaseName,DT
1,0.004862165076462262
2,0.029665463376839632
3,0.01695815327128923
4,0.009136389560546703
5,0.03597658416880045
6,0.03486173428915031
7,0.021644401549298826
8,0.012368861041172302
9,0.004339360097289359
10,0.03979504503311607
