caseName,abs(momentumSource_z)
1,173450.47041969557
2,71635.91727881669
3,50561.41457225072
4,35248.577511071104
5,233172.6573532825
6,206548.28102443245
7,54081.31966285633
8,129748.00966948374
9,231233.92029560855
10,31569.501316553768
